Al Rahimi <alrahimi@gmail.com>
 Alex Bott <abott1222@gmail.com>
 Amir Gur <amirgur@yahoo.com>
 Amitrajit Sarkar <aaiijmrtt@gmail.com>
 Anuj Goyal <goyal.anuj@gmail.com>
 Ben Lau <yanpan@gmail.com>
 Bhanu pratap singh <bhanupratap.mnit@gmail.com>
 Bo Du <bokwandu@gmail.com>
 Chetan Ganjihal <chetan.ganjihal@gmail.com>
 Christopher Bourez <christopher.bourez@gmail.com>
 DanYu Jia <secondarymailofdanyu@gmail.com>
 Danielius Visockas <danielius@wisemonks.com>
 Darren Garvey <darren.garvey@gmail.com>
 Gaurav Yadav <gaurav89yadav@gmail.com>
 Jordy Koski <jordy@tapfun.com>
 Kiran <muniraj@ostatemail.okstate.edu>
 Lingliang Zhang <lingliang.zhang@nyu.edu>
 Marko Jakovljevic <markoj@overscore.co.za>
 Matthieu MONTIGAUD <m.montigaud@gmail.com>
 Mehdi Adjaoue <mehdi.adjaoue@depinfonancy.net>
 Ming Tu <tuming90@gmail.com>
 Muhammad <mrizwan@gatech.edu>
 N@nat-mcaleese.co.uk
 Rajendra Bhat <rajendraranabhat@gmail.com>
 Ryan Sipes <ryan.sipes@mycroft.ai>
 Sameer Thapa <sameer.nitb@gmail.com>
 Shanky Sharma <sharma.shanky88@gmail.com>
 Shawn Murray <scmurray1@gmail.com>
 Sonam Singh <sonamsingh19@gmail.com>
 Suraj Vantigodi <suraj.vantigodi@gmail.com>
 Timothy Israel <TimothyIsrael.Santos@Teradata.com>
 Virendr singh <virneo@gmail.com>
 Wachirawut Leangon <firstspector@gmail.com>
 Wolf Vollprecht <w.vollprecht@gmail.com>
 aditya sista <aditya6992@gmail.com>
 adjigmkj <m.k.j.adjigble@cs.bham.ac.uk>
 hatsmagee@gmail.com
 michele giacobbe <michelegiacobbe89@gmail.com>
 olga peled <olgit23@gmail.com>
 t.augustyn@poczta.fm
 vkrishece@yahoo.in
 吉晓飞 <90jixiaofei@gmail.com>
 张日月明 <sowicm@gmail.com>
Utkarsh Simha <utkarshsimha@gmail.com>